treatment,group,HS,vial,wet.mass,(Intercept),time,slope,adj.slope,mgO2hrg
Humboldt13,Humboldt13,noHS,1,415.2,80.87038081,-0.086566777,0.086566777,0.086566777,0.875675486
Humboldt13,Humboldt13,noHS,2,67.3,82.62829086,-0.039034738,0.039034738,0.039034738,2.436046046
Humboldt13,Humboldt13,noHS,4,241.1,80.15743153,-0.07028012,0.07028012,0.07028012,1.224290768
Humboldt13,Humboldt13,noHS,6,61.8,83.82253809,-0.047853825,0.047853825,0.047853825,3.252201703
Humboldt13,Humboldt13,noHS,11,105.8,73.62236651,-0.023940222,0.023940222,0.023940222,0.950367965
Humboldt13,Humboldt13,noHS,12,471.3,79.29998887,-0.129019038,0.129019038,0.129019038,1.149755908
Humboldt13,Humboldt13,noHS,14,412.9,83.24041031,-0.235796588,0.235796588,0.235796588,2.398512153
Humboldt13,Humboldt13,noHS,15,112.3,81.4918388,-0.055162758,0.055162758,0.055162758,2.063077335
Humboldt13,Humboldt13,noHS,16,224.8,79.07879397,-0.101632818,0.101632818,0.101632818,1.89883378
Humboldt13,Humboldt13,noHS,18,366.6,81.34482044,-0.098289224,0.098289224,0.098289224,1.126063118
Humboldt13,Humboldt13,noHS,19,135,79.37989446,-0.060400718,0.060400718,0.060400718,1.87913345
Humboldt13,Humboldt13,noHS,22,952.7,76.49508278,-0.164009775,0.164009775,0.164009775,0.723040888
Humboldt13HS,Humboldt13,HS,1,415.2,66.37925452,-0.140206604,0.140206604,0.140206604,1.418274893
Humboldt13HS,Humboldt13,HS,2,67.3,71.59869809,-0.129975107,0.129975107,0.129975107,8.111373704
Humboldt13HS,Humboldt13,HS,4,241.1,75.20491014,-0.13095657,0.13095657,0.13095657,2.281284096
Humboldt13HS,Humboldt13,HS,6,61.8,71.79485744,-0.21373101,0.21373101,0.21373101,14.52540846
Humboldt13HS,Humboldt13,HS,11,105.8,67.15153772,-0.160018976,0.160018976,0.160018976,6.352360125
Humboldt13HS,Humboldt13,HS,12,471.3,66.32829924,-0.161121363,0.161121363,0.161121363,1.435836458
Humboldt13HS,Humboldt13,HS,14,412.9,59.0740004,-0.165020343,0.165020343,0.165020343,1.678579416
Humboldt13HS,Humboldt13,HS,15,112.3,74.75752774,-0.192206292,0.192206292,0.192206292,7.188481089
Humboldt13HS,Humboldt13,HS,16,224.8,79.15423061,-0.179530224,0.179530224,0.179530224,3.354212375
Humboldt13HS,Humboldt13,HS,18,366.6,68.28063446,-0.206229025,0.206229025,0.206229025,2.362689317
Humboldt13HS,Humboldt13,HS,19,135,61.43040095,-0.221937024,0.221937024,0.221937024,6.904707399
Humboldt13HS,Humboldt13,HS,22,952.7,71.41334895,-0.29029985,0.29029985,0.29029985,1.279793606
Morro13,Morro13,noHS,5,380.8,77.94830113,-0.133309613,0.133309613,0.133309613,1.470326611
Morro13,Morro13,noHS,15,428.5,81.59804197,-0.216285644,0.216285644,0.216285644,2.119952635
Morro13,Morro13,noHS,19,295.9,78.77662658,-0.15671486,0.15671486,0.15671486,2.224408282
Morro13HS,Morro13,HS,5,380.8,78.67876083,-0.091369945,0.091369945,0.091369945,1.007756742
Morro13HS,Morro13,HS,15,428.5,79.48800893,-0.10219028,0.10219028,0.10219028,1.001631684
Morro13HS,Morro13,HS,19,295.9,70.29254154,-0.016789336,0.016789336,0.016789336,0.238307574
Coos13,Coos13,noHS,1,774.7,85.62879954,-0.086780281,0.086780281,0.086780281,0.470475256
Coos13,Coos13,noHS,4,592.8,85.05424975,-0.12552944,0.12552944,0.12552944,0.889378627
Coos13,Coos13,noHS,5,498.2,84.63061051,-0.136961959,0.136961959,0.136961959,1.154637152
Coos13,Coos13,noHS,7,458,87.2072303,-0.088126402,0.088126402,0.088126402,0.808146041
Coos13,Coos13,noHS,9,398.1,91.67720628,-0.194835004,0.194835004,0.194835004,2.055531318
Coos13,Coos13,noHS,12,297.6,84.43255774,-0.055641845,0.055641845,0.055641845,0.785267973
Coos13,Coos13,noHS,14,584.4,86.09932022,-0.10220244,0.10220244,0.10220244,0.734514455
Coos13,Coos13,noHS,15,581.5,84.92722545,-0.125701034,0.125701034,0.125701034,0.90790085
Coos13,Coos13,noHS,16,692.3,90.01593145,-0.265942158,0.265942158,0.265942158,1.61340035
Coos13,Coos13,noHS,18,693.4,82.59514132,-0.131921499,0.131921499,0.131921499,0.799063019
Coos13,Coos13,noHS,19,594.9,82.91535881,-0.123234664,0.123234664,0.123234664,0.870037969
Coos13,Coos13,noHS,21,776,85.21598631,-0.137625416,0.137625416,0.137625416,0.744879827
Coos13,Coos13,noHS,22,504.2,85.30225726,-0.172800194,0.172800194,0.172800194,1.439430418
Coos13HS,Coos13,HS,1,774.7,92.77993617,-0.0487073,0.0487073,0.0487073,0.264064359
Coos13HS,Coos13,HS,4,592.8,97.07525329,-0.08978673,0.08978673,0.08978673,0.636140802
Coos13HS,Coos13,HS,5,498.2,92.84275541,-0.037248512,0.037248512,0.037248512,0.314017962
Coos13HS,Coos13,HS,7,458,93.81183233,-0.069924405,0.069924405,0.069924405,0.641228167
Coos13HS,Coos13,HS,9,398.1,95.02284843,-0.050092741,0.050092741,0.050092741,0.528484077
Coos13HS,Coos13,HS,12,297.6,91.81725072,-0.073301271,0.073301271,0.073301271,1.034493743
Coos13HS,Coos13,HS,14,584.4,85.95150958,-0.005384457,0.005384457,0.005384457,0.03869733
Coos13HS,Coos13,HS,15,581.5,83.29823764,0.042310454,0.042310454,0.042310454,0.305595711
Coos13HS,Coos13,HS,16,692.3,92.19561804,-0.059610023,0.059610023,0.059610023,0.361638159
Coos13HS,Coos13,HS,18,693.4,83.36425323,-0.024470817,0.024470817,0.024470817,0.148222428
Coos13HS,Coos13,HS,19,594.9,84.39886251,-0.09320269,0.09320269,0.09320269,0.658011933
Coos13HS,Coos13,HS,21,776,99.55843274,-0.119065829,0.119065829,0.119065829,0.644428456
Coos13HS,Coos13,HS,22,504.2,93.19098535,-0.033532001,0.033532001,0.033532001,0.279322499
PtMolate13,PtMolate13,noHS,4,1403.2,65.72475118,-0.296879682,0.296879682,0.296879682,0.888607941
PtMolate13,PtMolate13,noHS,12,1687.7,54.20067165,-0.087129216,0.087129216,0.087129216,0.216829239
PtMolate13,PtMolate13,noHS,15,1062.7,58.33127655,-0.24235494,0.24235494,0.24235494,0.957834523
PtMolate13,PtMolate13,noHS,21,770.3,64.54036839,-0.169714067,0.169714067,0.169714067,0.925352564
PtMolate13,PtMolate13,noHS,22,2177.5,62.85681932,-0.199569448,0.199569448,0.199569448,0.384933034
PtMolate13HS,PtMolate13,HS,4,1403.2,116.9128947,-0.102414415,0.102414415,0.102414415,0.306542577
PtMolate13HS,PtMolate13,HS,12,1687.7,120.6291097,-0.164795775,0.164795775,0.164795775,0.410109767
PtMolate13HS,PtMolate13,HS,15,1062.7,111.8074129,-0.099243824,0.099243824,0.099243824,0.392231168
PtMolate13HS,PtMolate13,HS,21,770.3,97.33870256,0.116783663,0.116783663,0.116783663,0.636753714
PtMolate13HS,PtMolate13,HS,22,2177.5,119.5962171,-0.290289555,0.290289555,0.290289555,0.55991556
Tomales13,Tomales13,noHS,7,266.8,99.08631734,-0.040303555,0.040303555,0.021887812,0.344560763
Tomales13,Tomales13,noHS,14,109.7,105.2129288,-0.032039022,0.032039022,0.013623279,0.521584069
Tomales13,Tomales13,noHS,15,235.4,103.490158,-0.047897934,0.047897934,0.029482191,0.526020405
Tomales13,Tomales13,noHS,16,431.1,99.31656036,-0.116433048,0.116433048,0.098017305,0.954935473
Tomales13HS,Tomales13,HS,7,266.8,98.28931029,-0.051008368,0.051008368,0.032592625,0.513077308
Tomales13HS,Tomales13,HS,14,109.7,99.40478431,-0.042749438,0.042749438,0.024333695,0.931645577
Tomales13HS,Tomales13,HS,15,235.4,100.6962107,-0.109020398,0.109020398,0.090604655,1.616565634
Tomales13HS,Tomales13,HS,16,431.1,94.75546492,0.02503207,0.02503207,0.006616328,0.064459699
BayFarm13,BayFarm13,noHS,1,1876.3,91.98362997,-0.37625153,0.37625153,0.357835787,0.800996805
BayFarm13,BayFarm13,noHS,2,1082.8,93.47030162,-0.199529401,0.199529401,0.181113658,0.702509572
BayFarm13,BayFarm13,noHS,5,14.8,100.7778232,-0.021833601,0.021833601,0.003417859,0.969932854
BayFarm13,BayFarm13,noHS,6,961.9,91.99321817,-0.222417617,0.222417617,0.204001874,0.890745266
BayFarm13,BayFarm13,noHS,18,2759.1,104.2699431,-0.398147476,0.398147476,0.379731734,0.57804113
BayFarm13HS,BayFarm13,HS,1,1876.3,93.36215155,-0.117214426,0.117214426,0.098798684,0.221155717
BayFarm13HS,BayFarm13,HS,2,1082.8,97.19346788,-0.047296171,0.047296171,0.028880429,0.11202235
BayFarm13HS,BayFarm13,HS,5,14.8,95.94455208,-0.01848845,0.01848845,7.27E-05,0.020633275
BayFarm13HS,BayFarm13,HS,6,961.9,95.35365354,-0.103276473,0.103276473,0.084860731,0.370532351
BayFarm13HS,BayFarm13,HS,18,2759.1,90.58895607,-0.184569392,0.184569392,0.16615365,0.252924986
PointOrient13,PointOrient13,noHS,4,2436.4,83.51819477,-0.221499255,0.221499255,0.203083512,0.350086501
PointOrient13,PointOrient13,noHS,6,1844.8,94.20854082,-0.717144225,0.717144225,0.698728482,1.590773864
PointOrient13,PointOrient13,noHS,7,215.1,88.92832114,-0.147310008,0.147310008,0.128894265,2.516763889
PointOrient13,PointOrient13,noHS,11,1005.8,92.22121746,-0.072805573,0.072805573,0.054389831,0.227119992
PointOrient13,PointOrient13,noHS,12,2920.4,90.2560251,-0.48248902,0.48248902,0.464073277,0.667411233
PointOrient13,PointOrient13,noHS,16,2334.5,94.95636283,-0.663572361,0.663572361,0.645156618,1.160701562
PointOrient13HS,PointOrient13,HS,4,2436.4,95.70258715,-0.210312903,0.210312903,0.191897161,0.330802854
PointOrient13HS,PointOrient13,HS,6,1844.8,96.72132763,-0.200551503,0.200551503,0.18213576,0.41466294
PointOrient13HS,PointOrient13,HS,7,215.1,84.41548774,0.005389744,0.005389744,-0.013025999,0
PointOrient13HS,PointOrient13,HS,11,1005.8,95.83906215,-0.025653226,0.025653226,0.007237483,0.03022214
PointOrient13HS,PointOrient13,HS,12,2920.4,104.5899543,-0.42875533,0.42875533,0.410339587,0.590133634
PointOrient13HS,PointOrient13,HS,16,2334.5,96.08780968,-0.142550858,0.142550858,0.124135116,0.223331543
CrownBeach13,CrownBeach13,noHS,1,1471.3,92.86472535,-0.317885666,0.317885666,0.299469924,0.854872344
CrownBeach13,CrownBeach13,noHS,2,215.1,94.70984198,-0.001344,0.001344,-0.017071743,0
CrownBeach13,CrownBeach13,noHS,3,134.9,83.04522046,0.126299352,0.126299352,0.107883609,3.358867005
CrownBeach13,CrownBeach13,noHS,5,761.9,95.56135689,-0.108049512,0.108049512,0.089633769,0.494109242
CrownBeach13,CrownBeach13,noHS,9,311.9,91.89523454,-0.03718121,0.03718121,0.018765468,0.252693055
CrownBeach13,CrownBeach13,noHS,14,1573.6,95.02472051,-0.491784307,0.491784307,0.473368565,1.263439229
CrownBeach13,CrownBeach13,noHS,18,136.2,88.91400561,0.020459135,0.020459135,0.002043392,0.0630121
CrownBeach13HS,CrownBeach13,HS,1,1471.3,99.11386388,-0.177632956,0.177632956,0.159217214,0.454504382
CrownBeach13HS,CrownBeach13,HS,2,215.1,99.02686005,-0.041186379,0.041186379,0.022770636,0.444614934
CrownBeach13HS,CrownBeach13,HS,3,134.9,96.0301725,-0.027633982,0.027633982,0.009218239,0.287002266
CrownBeach13HS,CrownBeach13,HS,5,761.9,95.36092456,-0.120101403,0.120101403,0.101685661,0.560545708
CrownBeach13HS,CrownBeach13,HS,9,311.9,94.26747696,-0.054841731,0.054841731,0.036425988,0.490507052
CrownBeach13HS,CrownBeach13,HS,14,1573.6,97.19529116,-0.050769404,0.050769404,0.032353661,0.086353189
CrownBeach13HS,CrownBeach13,HS,18,136.2,93.86409908,-0.02926043,0.02926043,0.010844687,0.334417671
OceanShores13,OceanShores13,noHS,11,4765.1,89.94544773,-0.445955041,0.445955041,0.427539299,0.376836804
OceanShores13,OceanShores13,noHS,14,3205.8,97.69909224,-0.50750704,0.50750704,0.489091297,0.64077093
OceanShores13HS,OceanShores13,HS,11,4765.1,90.63745302,-0.568776977,0.568776977,0.550361235,0.485093111
OceanShores13HS,OceanShores13,HS,14,3205.8,98.40659792,-0.090117845,0.090117845,0.071702102,0.093938745
ParadisePark13,ParadisePark13,noHS,3,1927,89.66589357,-0.174327221,0.174327221,0.155911478,0.339817441
ParadisePark13,ParadisePark13,noHS,15,778.3,99.20283047,-0.20458656,0.20458656,0.186170817,1.004647864
ParadisePark13,ParadisePark13,noHS,18,2572.5,93.95125588,-0.317738412,0.317738412,0.299322669,0.488690072
ParadisePark13HS,ParadisePark13,HS,3,1927,90.14886341,-0.064103845,0.064103845,0.045688102,0.099579672
ParadisePark13HS,ParadisePark13,HS,15,778.3,96.52945183,-0.091504988,0.091504988,0.073089245,0.3944171
ParadisePark13HS,ParadisePark13,HS,18,2572.5,89.99638325,-0.113477961,0.113477961,0.095062218,0.155203622
Humboldt17,Humboldt17,noHS,4,29.9,99.51383887,-0.070470183,0.070470183,-0.079415007,0
Humboldt17,Humboldt17,noHS,14,198.4,100.7672474,-0.159472504,0.159472504,0.009587314,0.202957257
Humboldt17,Humboldt17,noHS,19,139.1,105.1737725,-0.187144193,0.187144193,0.037259003,1.125002236
Humboldt17HS,Humboldt17,HS,4,29.9,42.28626323,-0.334409688,0.334409688,0.184524498,25.91982908
Humboldt17HS,Humboldt17,HS,14,198.4,42.37759197,-0.240450902,0.240450902,0.090565712,1.917217697
Humboldt17HS,Humboldt17,HS,19,139.1,42.28310817,-0.316153026,0.316153026,0.166267836,5.020308484
Morro17,Morro17,noHS,1,417.1,98.06451016,-0.181237689,0.181237689,0.031352499,0.31570486
Morro17,Morro17,noHS,2,140.6,92.65106493,-0.078679964,0.078679964,-0.071205226,0
Morro17,Morro17,noHS,4,182.9,98.75312584,-0.151727089,0.151727089,0.001841899,0.0422962
Morro17,Morro17,noHS,5,23.2,97.25959953,-0.060217316,0.060217316,-0.089667874,0
Morro17,Morro17,noHS,6,386.2,94.50655061,-0.127657388,0.127657388,-0.022227802,0
Morro17,Morro17,noHS,12,18.1,96.54751302,-0.054467699,0.054467699,-0.095417491,0
Morro17,Morro17,noHS,14,98.1,97.07469423,-0.08948466,0.08948466,-0.06040053,0
Morro17,Morro17,noHS,15,125.9,98.49720538,-0.112889726,0.112889726,-0.036995464,0
Morro17,Morro17,noHS,16,184.1,96.91129687,-0.145117347,0.145117347,-0.004767843,0
Morro17,Morro17,noHS,18,139.8,96.8903677,-0.10602017,0.10602017,-0.04386502,0
Morro17,Morro17,noHS,19,52.3,95.30470096,-0.055728075,0.055728075,-0.094157115,0
Morro17HS,Morro17,HS,1,417.1,86.14485482,-0.198608597,0.198608597,0.048723407,0.4906217
Morro17HS,Morro17,HS,2,140.6,78.70988844,-0.16805924,0.16805924,0.01817405,0.5428948
Morro17HS,Morro17,HS,4,182.9,64.14880178,-0.22270789,0.22270789,0.0728227,1.672254449
Morro17HS,Morro17,HS,5,23.2,73.82162344,-0.300858338,0.300858338,0.150973148,27.3313458
Morro17HS,Morro17,HS,6,386.2,81.38529154,-0.391851341,0.391851341,0.241966151,2.631428881
Morro17HS,Morro17,HS,12,18.1,61.19583001,-0.20936871,0.20936871,0.059483519,13.80280562
Morro17HS,Morro17,HS,14,98.1,91.47911296,-0.155712025,0.155712025,0.005826835,0.249466929
Morro17HS,Morro17,HS,15,125.9,92.42796638,-0.163865028,0.163865028,0.013979838,0.466364738
Morro17HS,Morro17,HS,16,184.1,82.05506709,-0.481647713,0.481647713,0.331762523,7.568726763
Morro17HS,Morro17,HS,18,139.8,69.29182917,-0.152318323,0.152318323,0.002433133,0.073098402
Morro17HS,Morro17,HS,19,52.3,74.37931861,-0.367903713,0.367903713,0.218018523,17.50817968
Coos17,Coos17,noHS,2,942.4,93.5313918,-0.487955425,0.487955425,0.338070235,1.506679741
Coos17,Coos17,noHS,11,1079.7,78.5898192,-0.236313484,0.236313484,0.086428294,0.33620342
Coos17HS,Coos17,HS,2,942.4,99.34909689,-0.076128018,0.076128018,-0.073757172,0
Coos17HS,Coos17,HS,11,1079.7,101.4763228,-0.135898205,0.135898205,-0.013986985,0
PtMolate17,PtMolate17,noHS,1,949.2,95.2877787,-0.273103455,0.273103455,0.123218265,0.545213563
PtMolate17,PtMolate17,noHS,2,8511.4,93.50649308,-0.114743679,0.114743679,-0.035141511,0
PtMolate17,PtMolate17,noHS,4,1158.1,97.96658018,-0.309632789,0.309632789,0.159747599,0.579345408
PtMolate17,PtMolate17,noHS,5,857.3,92.08154107,-0.301922878,0.301922878,0.152037688,0.744848118
PtMolate17,PtMolate17,noHS,6,724.2,96.18601345,-0.245171639,0.245171639,0.095286449,0.552614037
PtMolate17,PtMolate17,noHS,7,1506.2,100.2692865,-0.482638372,0.482638372,0.332753182,0.927873697
PtMolate17,PtMolate17,noHS,12,989.2,89.47834555,-0.278304534,0.278304534,0.128419344,0.545249946
PtMolate17,PtMolate17,noHS,14,1338.1,94.09644714,-0.382799048,0.382799048,0.232913858,0.731065095
PtMolate17,PtMolate17,noHS,16,971.8,94.11556046,-0.328570949,0.328570949,0.178685758,0.772257857
PtMolate17,PtMolate17,noHS,18,1470.6,97.8187684,-0.379332006,0.379332006,0.229446816,0.655294865
PtMolate17,PtMolate17,noHS,19,396.1,97.3449921,-0.202951475,0.202951475,0.053066285,0.562682145
PtMolate17,PtMolate17,noHS,22,1418.7,93.62811913,-0.350624325,0.350624325,0.200739135,0.594279529
PtMolate17HS,PtMolate17,HS,1,949.2,94.24210815,-0.171467363,0.171467363,0.021582173,0.095496342
PtMolate17HS,PtMolate17,HS,2,8511.4,94.31418228,-0.142098067,0.142098067,-0.007787123,0
PtMolate17HS,PtMolate17,HS,4,1158.1,82.96736025,-0.158716383,0.158716383,0.008831193,0.032027469
PtMolate17HS,PtMolate17,HS,5,857.3,97.04301198,-0.183590403,0.183590403,0.033705213,0.165125271
PtMolate17HS,PtMolate17,HS,6,724.2,95.49312373,-0.091984598,0.091984598,-0.057900592,0
PtMolate17HS,PtMolate17,HS,7,1506.2,92.1610498,-0.177058853,0.177058853,0.027173662,0.07577306
PtMolate17HS,PtMolate17,HS,12,989.2,95.156386,-0.128235744,0.128235744,-0.021649446,0
PtMolate17HS,PtMolate17,HS,14,1338.1,93.89666209,-0.133941309,0.133941309,-0.015943881,0
PtMolate17HS,PtMolate17,HS,16,971.8,92.56708655,-0.134746399,0.134746399,-0.015138791,0
PtMolate17HS,PtMolate17,HS,18,1470.6,94.24646376,-0.15104457,0.15104457,0.00115938,0.003311162
PtMolate17HS,PtMolate17,HS,19,396.1,95.05417724,-0.171947933,0.171947933,0.022062743,0.233939714
PtMolate17HS,PtMolate17,HS,22,1418.7,92.62196437,-0.093894065,0.093894065,-0.055991125,0
Tomales17,Tomales17,noHS,4,22.5,97.13065366,-0.002715166,0.002715166,-0.015161751,0
Tomales17,Tomales17,noHS,9,115.7,95.68689833,-0.021410982,0.021410982,0.003534065,0.128289304
Tomales17,Tomales17,noHS,11,92.2,99.94826398,-0.036450797,0.036450797,0.01857388,0.846098637
Tomales17,Tomales17,noHS,12,131.8,99.87270962,-0.048255948,0.048255948,0.03037903,0.968072281
Tomales17,Tomales17,noHS,17,351.6,100.2501322,-0.0465114,0.0465114,0.028634483,0.342050133
Tomales17,Tomales17,noHS,22,251,99.91601507,-0.04110819,0.04110819,0.023231272,0.388730453
Tomales17HS,Tomales17,HS,4,22.5,100.668345,-0.020859439,0.020859439,0.002982521,0.556737296
Tomales17HS,Tomales17,HS,9,115.7,99.47647638,-0.020221341,0.020221341,0.002344424,0.085104412
Tomales17HS,Tomales17,HS,11,92.2,102.0090837,-0.035817436,0.035817436,0.017940519,0.817247062
Tomales17HS,Tomales17,HS,12,131.8,95.96895216,-0.258729092,0.258729092,0.240852175,7.675107232
Tomales17HS,Tomales17,HS,17,351.6,103.1633417,-0.018272923,0.018272923,0.000396005,0.00473044
Tomales17HS,Tomales17,HS,22,251,102.9418801,-0.03557225,0.03557225,0.017695332,0.296097196
BayFarm17,BayFarm17,noHS,1,2076.2,91.19810621,-0.332007889,0.332007889,0.314130972,0.635463867
BayFarm17,BayFarm17,noHS,2,1074.4,97.33031895,-0.637044398,0.637044398,0.619167481,2.420423882
BayFarm17,BayFarm17,noHS,4,2005.9,84.9203557,-0.296132791,0.296132791,0.278255874,0.58261861
BayFarm17,BayFarm17,noHS,5,767.2,97.3523273,-0.262318683,0.262318683,0.244441766,1.338184851
BayFarm17,BayFarm17,noHS,6,2673.7,68.00623786,-0.353162323,0.353162323,0.335285405,0.526685381
BayFarm17,BayFarm17,noHS,7,2667.6,82.27085189,-0.369889393,0.369889393,0.352012476,0.55422567
BayFarm17,BayFarm17,noHS,9,2713.5,77.32829266,-0.443024635,0.443024635,0.425147718,0.658050641
BayFarm17,BayFarm17,noHS,11,1687.7,83.93595997,-0.282336015,0.282336015,0.264459098,0.658131309
BayFarm17,BayFarm17,noHS,12,1498.7,78.9765876,-0.214206502,0.214206502,0.196329584,0.550199676
BayFarm17,BayFarm17,noHS,14,1499.3,100.6920038,-0.60980415,0.60980415,0.591927232,1.658170063
BayFarm17,BayFarm17,noHS,15,2385.5,93.51516039,-0.950506289,0.950506289,0.932629372,1.64202195
BayFarm17,BayFarm17,noHS,16,1279.9,83.13522752,-0.175388418,0.175388418,0.157511501,0.516874993
BayFarm17,BayFarm17,noHS,18,1741.8,69.1105247,-0.109641482,0.109641482,0.091764564,0.221271771
BayFarm17,BayFarm17,noHS,22,1615.5,78.52861698,-0.263338128,0.263338128,0.245461211,0.638153565
BayFarm17HS,BayFarm17,HS,1,2076.2,99.48581607,-0.261518893,0.261518893,0.243641975,0.492869808
BayFarm17HS,BayFarm17,HS,2,1074.4,96.62824222,-0.107879318,0.107879318,0.090002401,0.351833659
BayFarm17HS,BayFarm17,HS,4,2005.9,107.7499997,-0.324819294,0.324819294,0.306942377,0.642683076
BayFarm17HS,BayFarm17,HS,5,767.2,93.4629764,-0.050932915,0.050932915,0.033055997,0.180963489
BayFarm17HS,BayFarm17,HS,6,2673.7,79.26687721,0.015332963,0.015332963,-0.002543954,0
BayFarm17HS,BayFarm17,HS,7,2667.6,95.41181977,-0.222417198,0.222417198,0.20454028,0.322038228
BayFarm17HS,BayFarm17,HS,9,2713.5,89.27646626,-0.198137216,0.198137216,0.180260299,0.27900986
BayFarm17HS,BayFarm17,HS,11,1687.7,93.811952,-0.16588428,0.16588428,0.148007362,0.368330225
BayFarm17HS,BayFarm17,HS,12,1498.7,93.78691771,-0.073472414,0.073472414,0.055595497,0.15580242
BayFarm17HS,BayFarm17,HS,14,1499.3,95.4864599,-0.149749081,0.149749081,0.131872164,0.369414452
BayFarm17HS,BayFarm17,HS,15,2385.5,98.21868416,-0.304471795,0.304471795,0.286594878,0.504589598
BayFarm17HS,BayFarm17,HS,16,1279.9,94.93499071,-0.076183321,0.076183321,0.058306403,0.191332834
BayFarm17HS,BayFarm17,HS,18,1741.8,98.62836012,-0.125400984,0.125400984,0.107524066,0.259272636
BayFarm17HS,BayFarm17,HS,22,1615.5,98.86985747,-0.127437382,0.127437382,0.109560465,0.284836863
PointOrient17,PointOrient17,noHS,4,2154.9,84.9821607,-0.50720872,0.50720872,0.489331803,0.953730369
PointOrient17,PointOrient17,noHS,6,2114.4,108.8538811,-0.564028594,0.564028594,0.546151677,1.084864284
PointOrient17,PointOrient17,noHS,7,1609.9,93.35496523,-0.238744031,0.238744031,0.220867114,0.576210869
PointOrient17,PointOrient17,noHS,14,1536.5,86.56449132,-0.209622681,0.209622681,0.191745764,0.524134206
PointOrient17,PointOrient17,noHS,16,2045.3,93.37016449,-0.513308331,0.513308331,0.495431414,1.017362704
PointOrient17,PointOrient17,noHS,17,1631.2,92.84678178,-0.521905981,0.521905981,0.504029063,1.297769781
PointOrient17HS,PointOrient17,HS,4,2154.9,97.1435714,-0.288033481,0.288033481,0.270156564,0.526547668
PointOrient17HS,PointOrient17,HS,6,2114.4,88.3590527,-0.185801466,0.185801466,0.167924549,0.333561817
PointOrient17HS,PointOrient17,HS,7,1609.9,89.85136033,-0.106847048,0.106847048,0.088970131,0.23211041
PointOrient17HS,PointOrient17,HS,14,1536.5,93.35852825,-0.185763433,0.185763433,0.167886516,0.458915306
PointOrient17HS,PointOrient17,HS,16,2045.3,98.46448997,-0.628187461,0.628187461,0.610310544,1.253265674
PointOrient17HS,PointOrient17,HS,17,1631.2,89.81027624,-0.152440832,0.152440832,0.134563914,0.346474032
CrownBeach17,CrownBeach17,noHS,2,173.1,99.48264349,-0.025557429,0.025557429,0.007680512,0.186355569
CrownBeach17,CrownBeach17,noHS,5,426.5,99.35726849,-0.035785262,0.035785262,0.017908344,0.176354152
CrownBeach17,CrownBeach17,noHS,9,1904.2,98.04078222,-0.266237117,0.266237117,0.248360199,0.547795839
CrownBeach17,CrownBeach17,noHS,12,196.8,98.9660754,-0.040031591,0.040031591,0.022154673,0.472813147
CrownBeach17HS,CrownBeach17,HS,2,173.1,92.72432988,-0.02307081,0.02307081,0.005193893,0.126021661
CrownBeach17HS,CrownBeach17,HS,5,426.5,86.79259902,-0.077305472,0.077305472,0.059428555,0.585228439
CrownBeach17HS,CrownBeach17,HS,9,1904.2,94.88230753,-0.300167741,0.300167741,0.282290824,0.622634944
CrownBeach17HS,CrownBeach17,HS,12,196.8,94.22457996,-0.028364699,0.028364699,0.010487781,0.223824604
ParadisePark17,ParadisePark17,noHS,5,893.5,86.81261903,-0.047073461,0.047073461,0.029196544,0.137241727
ParadisePark17,ParadisePark17,noHS,13,1372.6,80.48171537,-0.245657444,0.245657444,0.227780527,0.696982524
ParadisePark17,ParadisePark17,noHS,15,215.6,96.90025815,-0.143676527,0.143676527,0.125799609,2.450641741
ParadisePark17HS,ParadisePark17,HS,5,893.5,99.00223864,-0.204371855,0.204371855,0.186494937,0.876641003
ParadisePark17HS,ParadisePark17,HS,13,1372.6,89.97662978,-0.160770206,0.160770206,0.142893288,0.437237222
ParadisePark17HS,ParadisePark17,HS,15,215.6,99.00046089,-0.110469683,0.110469683,0.092592765,1.803755169
Albany17,Albany17,noHS,4,1555,82.68526237,-0.123620321,0.123620321,0.105743404,0.285609193
Albany17,Albany17,noHS,9,206,97.33282711,-0.113573732,0.113573732,0.095696815,1.951100109
Albany17,Albany17,noHS,11,232.6,101.8805743,-0.042944283,0.042944283,0.025067366,0.452635157
Albany17,Albany17,noHS,15,1164.5,91.27959152,-0.179352003,0.179352003,0.161475086,0.582391895
Albany17,Albany17,noHS,21,1055.6,99.78062203,-0.271647403,0.271647403,0.253770486,1.009696894
Albany17HS,Albany17,HS,4,1555,95.93978741,-0.128505332,0.128505332,0.110628414,0.298803434
Albany17HS,Albany17,HS,9,206,93.3464724,-0.142973486,0.142973486,0.125096569,2.550512566
Albany17HS,Albany17,HS,11,232.6,101.4223347,-0.111538462,0.111538462,0.093661544,1.691223068
Albany17HS,Albany17,HS,15,1164.5,99.76981789,-0.107432465,0.107432465,0.089555548,0.322999829
Albany17HS,Albany17,HS,21,1055.6,97.1122772,-0.109522448,0.109522448,0.091645531,0.36463739
Humboldt21,Humboldt21,noHS,1,53,102.6527739,-0.031317319,0.031317319,0.031317319,2.48174978
Humboldt21,Humboldt21,noHS,2,164.1,93.87544821,-0.012633937,0.012633937,0.012633937,0.323354879
Humboldt21,Humboldt21,noHS,5,245.4,119.3724134,-0.147823955,0.147823955,0.147823955,2.529994337
Humboldt21,Humboldt21,noHS,7,341.7,101.5877585,-0.093585099,0.093585099,0.093585099,1.150299723
Humboldt21,Humboldt21,noHS,11,98.5,98.49494435,-0.015814027,0.015814027,0.015814027,0.674303671
Humboldt21,Humboldt21,noHS,12,61.1,103.6659017,-0.015765911,0.015765911,0.015765911,1.083745126
Humboldt21,Humboldt21,noHS,15,548.4,90.41805266,-0.223939702,0.223939702,0.223939702,1.715074307
Humboldt21,Humboldt21,noHS,19,88.5,101.8079854,-0.010719301,0.010719301,0.010719301,0.508712592
Humboldt21,Humboldt21,noHS,22,134.9,97.88181146,-0.054992788,0.054992788,0.054992788,1.712155002
Humboldt21HS,Humboldt21,HS,1,53,109.2313415,-0.076418982,0.076418982,0.076418982,6.055843895
Humboldt21HS,Humboldt21,HS,2,164.1,107.5522083,-0.097414178,0.097414178,0.097414178,2.493233076
Humboldt21HS,Humboldt21,HS,5,245.4,119.6542887,-0.158660097,0.158660097,0.158660097,2.715453982
Humboldt21HS,Humboldt21,HS,7,341.7,104.7621225,-0.134147326,0.134147326,0.134147326,1.648869677
Humboldt21HS,Humboldt21,HS,11,98.5,107.5385476,-0.139184316,0.139184316,0.139184316,5.934762722
Humboldt21HS,Humboldt21,HS,12,61.1,114.5757861,-0.140051112,0.140051112,0.140051112,9.627081349
Humboldt21HS,Humboldt21,HS,15,548.4,103.8940058,-0.103182128,0.103182128,0.103182128,0.790235113
Humboldt21HS,Humboldt21,HS,19,88.5,107.9484108,-0.113671209,0.113671209,0.113671209,5.394565852
Humboldt21HS,Humboldt21,HS,22,134.9,108.0268222,-0.089819817,0.089819817,0.089819817,2.796465762
Morro21,Morro21,noHS,1,44.8,105.4688493,-0.026390522,0.026390522,0.026390522,2.474111414
Morro21,Morro21,noHS,2,32,103.7998582,-0.032689468,0.032689468,0.032689468,4.290492695
Morro21,Morro21,noHS,5,23.3,115.0437614,-0.075306106,0.075306106,0.075306106,13.57449126
Morro21,Morro21,noHS,6,98.6,104.8495829,-0.079880578,0.079880578,0.079880578,3.402620988
Morro21,Morro21,noHS,7,215,98.10542082,-0.040070401,0.040070401,0.040070401,0.782770631
Morro21,Morro21,noHS,11,166.1,102.3327811,-0.075243861,0.075243861,0.075243861,1.902614175
Morro21,Morro21,noHS,12,276.4,100.2565093,-0.106622947,0.106622947,0.106622947,1.620175024
Morro21,Morro21,noHS,14,403.9,98.19998185,-0.187260957,0.187260957,0.187260957,1.947254315
Morro21,Morro21,noHS,15,152.7,92.35429654,-0.001429069,0.001429069,0.001429069,0.039306423
Morro21,Morro21,noHS,16,25.4,102.355009,0.009656379,0.009656379,0.009656379,1.596724075
Morro21,Morro21,noHS,18,245.2,93.37982154,-0.004672358,0.004672358,0.004672358,0.080032233
Morro21,Morro21,noHS,19,162.6,107.4222855,-0.155324959,0.155324959,0.155324959,4.012083806
Morro21,Morro21,noHS,22,337.6,101.645768,-0.009490688,0.009490688,0.009490688,0.118071353
Morro21HS,Morro21,HS,1,44.8,86.87457122,-0.292644758,0.292644758,0.292644758,27.43544608
Morro21HS,Morro21,HS,2,32,85.05785986,-0.267434807,0.267434807,0.267434807,35.10081842
Morro21HS,Morro21,HS,5,23.3,105.3727859,-0.176862482,0.176862482,0.176862482,31.88079076
Morro21HS,Morro21,HS,6,98.6,86.20853069,-0.322089802,0.322089802,0.322089802,13.71984959
Morro21HS,Morro21,HS,7,215,87.10688297,-0.316310307,0.316310307,0.316310307,6.179085072
Morro21HS,Morro21,HS,11,166.1,84.68034543,-0.301397805,0.301397805,0.301397805,7.621136557
Morro21HS,Morro21,HS,12,276.4,85.59658198,-0.305069865,0.305069865,0.305069865,4.63564918
Morro21HS,Morro21,HS,14,403.9,83.71630823,-0.425554225,0.425554225,0.425554225,4.425173916
Morro21HS,Morro21,HS,15,152.7,82.36276392,-0.361352056,0.361352056,0.361352056,9.938956361
Morro21HS,Morro21,HS,16,25.4,84.57447354,-0.261081569,0.261081569,0.261081569,43.17096812
Morro21HS,Morro21,HS,18,245.2,69.20008474,-0.309277988,0.309277988,0.309277988,5.29758381
Morro21HS,Morro21,HS,19,162.6,87.43234308,-0.336359455,0.336359455,0.336359455,8.688251601
Morro21HS,Morro21,HS,22,337.6,87.26863869,-0.325624629,0.325624629,0.325624629,4.051017304
Coos21,Coos21,noHS,4,930.7,4363.510672,1.293979241,1.293979241,1.293979241,5.839381983
Coos21,Coos21,noHS,6,1022.4,82.31836232,-0.203881029,0.203881029,0.203881029,0.83753944
Coos21,Coos21,noHS,11,577.7,90.46523351,-0.241925283,0.241925283,0.241925283,1.758847479
Coos21,Coos21,noHS,12,550.5,93.37376551,-0.245311049,0.245311049,0.245311049,1.871582935
Coos21,Coos21,noHS,16,576.2,93.29484165,-0.075228565,0.075228565,0.075228565,0.548351217
Coos21,Coos21,noHS,19,398.5,87.54064123,-0.21100646,0.21100646,0.21100646,2.223907478
Coos21HS,Coos21,HS,4,930.7,4398.02568,0.529516784,0.529516784,0.529516784,2.389567521
Coos21HS,Coos21,HS,6,1022.4,99.17697354,-0.102698736,0.102698736,0.102698736,0.421884481
Coos21HS,Coos21,HS,11,577.7,95.99319991,-0.062792005,0.062792005,0.062792005,0.456511027
Coos21HS,Coos21,HS,12,550.5,97.59365407,-0.038763935,0.038763935,0.038763935,0.295746639
Coos21HS,Coos21,HS,16,576.2,100.1411143,-0.074299569,0.074299569,0.074299569,0.541579639
Coos21HS,Coos21,HS,19,398.5,76.95096602,0.08670815,0.08670815,0.08670815,0.91386256
PtMolate21,PtMolate21,noHS,1,852.4,86.46465379,-0.243150641,0.243150641,0.243150641,1.198067445
PtMolate21,PtMolate21,noHS,5,1355.1,98.78859457,-0.24178443,0.24178443,0.24178443,0.749387209
PtMolate21,PtMolate21,noHS,6,982.8,91.79032792,-0.393564893,0.393564893,0.393564893,1.681901254
PtMolate21,PtMolate21,noHS,9,852.9,92.70970174,-0.211737002,0.211737002,0.211737002,1.042672541
PtMolate21,PtMolate21,noHS,16,617,89.20361487,-0.293038747,0.293038747,0.293038747,1.994753222
PtMolate21,PtMolate21,noHS,18,1172.8,80.56706476,-0.254443023,0.254443023,0.254443023,0.911204549
PtMolate21,PtMolate21,noHS,19,357.8,90.2026365,-0.435710376,0.435710376,0.435710376,5.114543262
PtMolate21HS,PtMolate21,HS,1,852.4,93.3801076,-0.214520306,0.214520306,0.214520306,1.056998222
PtMolate21HS,PtMolate21,HS,5,1355.1,104.5299814,-0.0343408,0.0343408,0.0343408,0.106435954
PtMolate21HS,PtMolate21,HS,6,982.8,91.73401168,-0.097382953,0.097382953,0.097382953,0.416166467
PtMolate21HS,PtMolate21,HS,9,852.9,74.77642229,0.039273204,0.039273204,0.039273204,0.193396011
PtMolate21HS,PtMolate21,HS,16,617,94.79975163,-0.133596114,0.133596114,0.133596114,0.909406287
PtMolate21HS,PtMolate21,HS,18,1172.8,82.69614646,-0.073437277,0.073437277,0.073437277,0.262991614
PtMolate21HS,PtMolate21,HS,19,357.8,91.81288012,-0.085091203,0.085091203,0.085091203,0.998834689
Tomales21,Tomales21,noHS,1,65.4,102.569304,0.001754922,0.001754922,0.001754922,0.112701412
Tomales21,Tomales21,noHS,5,495.3,99.41087958,-0.036737847,0.036737847,0.036737847,0.311526259
Tomales21,Tomales21,noHS,12,235.5,99.13537239,-0.02241444,0.02241444,0.02241444,0.399747969
Tomales21,Tomales21,noHS,14,376.4,98.79898145,-0.079842502,0.079842502,0.079842502,0.890909954
Tomales21HS,Tomales21,HS,1,65.4,95.68115572,0.011358683,0.011358683,0.011358683,0.7294567
Tomales21HS,Tomales21,HS,5,495.3,97.39476032,-0.12926861,0.12926861,0.12926861,1.096160231
Tomales21HS,Tomales21,HS,12,235.5,98.52798334,-0.05398396,0.05398396,0.05398396,0.962771264
Tomales21HS,Tomales21,HS,14,376.4,100.3097434,-0.036682469,0.036682469,0.036682469,0.409315544
BayFarm21,BayFarm21,noHS,2,1944.4,83.71618332,-0.471590013,0.471590013,0.471590013,1.018657711
BayFarm21,BayFarm21,noHS,4,1311.9,85.80111804,-0.227121333,0.227121333,0.227121333,0.727120665
BayFarm21,BayFarm21,noHS,6,2501.6,93.07826783,-0.533659472,0.533659472,0.533659472,0.895974489
BayFarm21,BayFarm21,noHS,7,2572.9,86.73433189,-0.814346275,0.814346275,0.814346275,1.329338239
BayFarm21,BayFarm21,noHS,9,1913.5,87.51230436,-0.403752288,0.403752288,0.403752288,0.886208314
BayFarm21,BayFarm21,noHS,15,2090.2,85.86524128,-0.677629263,0.677629263,0.677629263,1.361612719
BayFarm21,BayFarm21,noHS,16,2419.8,75.65521021,-0.456356474,0.456356474,0.456356474,0.792089095
BayFarm21,BayFarm21,noHS,22,2405.1,97.31027588,-0.589271955,0.589271955,0.589271955,1.029039212
BayFarm21HS,BayFarm21,HS,2,1944.4,95.22836347,-0.375743122,0.375743122,0.375743122,0.811623694
BayFarm21HS,BayFarm21,HS,4,1311.9,95.05838701,-0.288749144,0.288749144,0.288749144,0.924419853
BayFarm21HS,BayFarm21,HS,6,2501.6,69.05954098,-0.359661429,0.359661429,0.359661429,0.603844739
BayFarm21HS,BayFarm21,HS,7,2572.9,88.94320473,-0.832048844,0.832048844,0.832048844,1.358235899
BayFarm21HS,BayFarm21,HS,9,1913.5,89.64381604,-0.171117533,0.171117533,0.171117533,0.375591136
BayFarm21HS,BayFarm21,HS,15,2090.2,98.61248715,-0.206472919,0.206472919,0.206472919,0.414881954
BayFarm21HS,BayFarm21,HS,16,2419.8,95.72818301,-0.330571113,0.330571113,0.330571113,0.57376588
BayFarm21HS,BayFarm21,HS,22,2405.1,94.38989916,-0.160266231,0.160266231,0.160266231,0.279871178
PointOrient21,PointOrient21,noHS,5,1201.6,97.57268101,-0.193522751,0.193522751,0.193522751,0.676427725
PointOrient21,PointOrient21,noHS,11,1586.6,95.80597329,-0.598296873,0.598296873,0.598296873,1.583793562
PointOrient21,PointOrient21,noHS,12,2473,90.21472307,-0.626652719,0.626652719,0.626652719,1.064270691
PointOrient21,PointOrient21,noHS,14,1845.5,81.92713516,-0.145955871,0.145955871,0.145955871,0.33216725
PointOrient21,PointOrient21,noHS,15,1733.4,90.69639133,-0.262641631,0.262641631,0.262641631,0.636376398
PointOrient21,PointOrient21,noHS,16,1406.1,102.6174378,-0.954284837,0.954284837,0.954284837,2.850434759
PointOrient21HS,PointOrient21,HS,5,1201.6,106.0219325,-0.239028069,0.239028069,0.239028069,0.835484262
PointOrient21HS,PointOrient21,HS,11,1586.6,85.40687206,0.021258766,0.021258766,0.021258766,0.056275568
PointOrient21HS,PointOrient21,HS,12,2473,100.0458358,-0.237177328,0.237177328,0.237177328,0.402808239
PointOrient21HS,PointOrient21,HS,14,1845.5,101.8052607,-0.229476421,0.229476421,0.229476421,0.52224382
PointOrient21HS,PointOrient21,HS,15,1733.4,96.48759399,-0.153014318,0.153014318,0.153014318,0.370751202
PointOrient21HS,PointOrient21,HS,16,1406.1,103.0870484,-0.20022461,0.20022461,0.20022461,0.598067961
CrownBeach21,CrownBeach21,noHS,1,419.5,94.19451475,-0.132861393,0.132861393,0.132861393,1.330197494
CrownBeach21,CrownBeach21,noHS,2,214.9,98.6729228,-0.15272465,0.15272465,0.15272465,2.984846585
CrownBeach21,CrownBeach21,noHS,3,517.1,100.5259843,-0.150641256,0.150641256,0.150641256,1.223541434
CrownBeach21,CrownBeach21,noHS,4,249.2,92.77069135,-0.125410958,0.125410958,0.125410958,2.113667828
CrownBeach21,CrownBeach21,noHS,6,977.5,98.60921944,-0.347561984,0.347561984,0.347561984,1.493360956
CrownBeach21,CrownBeach21,noHS,8,831.2,98.00967667,-0.047651719,0.047651719,0.047651719,0.240781065
CrownBeach21,CrownBeach21,noHS,17,418.4,93.88822421,-0.132284529,0.132284529,0.132284529,1.327903977
CrownBeach21HS,CrownBeach21,HS,1,419.5,101.2781565,-0.045323224,0.045323224,0.045323224,0.453772442
CrownBeach21HS,CrownBeach21,HS,2,214.9,104.5863938,-0.278235891,0.278235891,0.278235891,5.437834998
CrownBeach21HS,CrownBeach21,HS,3,517.1,102.5322285,-0.096274276,0.096274276,0.096274276,0.781960853
CrownBeach21HS,CrownBeach21,HS,4,249.2,101.6220706,-0.072943552,0.072943552,0.072943552,1.229385709
CrownBeach21HS,CrownBeach21,HS,6,977.5,99.08405021,-0.136007838,0.136007838,0.136007838,0.584381505
CrownBeach21HS,CrownBeach21,HS,8,831.2,97.21105191,-0.057274106,0.057274106,0.057274106,0.289402364
CrownBeach21HS,CrownBeach21,HS,17,418.4,96.50891043,-0.036523722,0.036523722,0.036523722,0.366633924